{"Water":[7.96681,1668.21,228.0],"Acetone":[7.02447, 1161.0, 224], "Benzene": [6.89272, 1203.531, 219.888], "EthyleneGlycol":[8.0908, 2088.9, 203.5 ], "Hexane": [6.88555, 1175.817, 224.867], "Ethanol": [ 8.04494,  1554.3, 222.65]}